gen,best,avg,worst
0,0.355556,0.0297926,0.0111111
1,0.355556,0.053355,0.0111111
2,0.466667,0.0821526,0.0111111
3,0.466667,0.104505,0.0111111
4,0.466667,0.114257,0.0111111
5,0.466667,0.118507,0.0111111
6,0.466667,0.127402,0.0111111
7,0.466667,0.143452,0.0111111
8,0.466667,0.175514,0.0111111
9,0.466667,0.234334,0.0111111
10,0.466667,0.277152,0.0111111
11,0.466667,0.293258,0.0111111
12,1,0.29819,0.0111111
