gen,best,avg,worst
0,0.355556,0.0295815,0.0111111
1,0.355556,0.0534861,0.0111111
2,0.355556,0.0826862,0.0111111
3,0.355556,0.104501,0.0111111
4,0.355556,0.117416,0.0111111
5,0.444444,0.125571,0.0111111
6,0.5,0.141215,0.0111111
7,0.5,0.175449,0.0111111
8,0.5,0.236833,0.0111111
9,1,0.251123,0.0111111
